{"cameraMode":{"drawMode":0,"name":"Shaded","section":"Shading Mode"},"sceneLighting":true,"audioPlay":false,"sceneViewState":{"showFog":true,"showMaterialUpdate":false,"showSkybox":true,"showFlares":true,"showImageEffects":true,"showParticleSystems":true},"in2DMode":false,"pivot":{"x":2.8777265548706056,"y":-0.2549858093261719,"z":-0.6532325744628906},"rotation":{"x":-0.2670445740222931,"y":-0.23495666682720185,"z":0.06730890274047852,"w":-0.9321759939193726},"size":9.181560516357422,"orthographic":false}