{"cameraMode":{"drawMode":0,"name":"Shaded","section":"Shading Mode"},"sceneLighting":true,"audioPlay":false,"sceneViewState":{"showFog":true,"showMaterialUpdate":false,"showSkybox":true,"showFlares":true,"showImageEffects":true,"showParticleSystems":true},"in2DMode":false,"pivot":{"x":366.14947509765627,"y":-32.781211853027347,"z":311.4974365234375},"rotation":{"x":-0.04532232508063316,"y":-0.9020551443099976,"z":0.09782379865646362,"w":-0.4179389178752899},"size":217.68614196777345,"orthographic":false}