{"cameraMode":{"drawMode":0,"name":"Shaded","section":"Shading Mode"},"sceneLighting":true,"audioPlay":false,"sceneViewState":{"showFog":true,"showMaterialUpdate":false,"showSkybox":true,"showFlares":true,"showImageEffects":true,"showParticleSystems":true},"in2DMode":false,"pivot":{"x":226.33807373046876,"y":43.73799133300781,"z":489.14801025390627},"rotation":{"x":-0.2729043662548065,"y":-0.5598143935203552,"z":0.20213064551353455,"w":-0.7558269500732422},"size":566.3690185546875,"orthographic":false}