{"cameraMode":{"drawMode":0,"name":"Shaded","section":"Shading Mode"},"sceneLighting":true,"audioPlay":false,"sceneViewState":{"showFog":true,"showMaterialUpdate":false,"showSkybox":true,"showFlares":true,"showImageEffects":true,"showParticleSystems":true},"in2DMode":false,"pivot":{"x":226.0531463623047,"y":-306.0304870605469,"z":512.1429443359375},"rotation":{"x":0.2535364031791687,"y":0.7463416457176209,"z":-0.442848801612854,"w":0.42729201912879946},"size":483.6938781738281,"orthographic":false}