{"cameraMode":{"drawMode":0,"name":"Shaded","section":"Shading Mode"},"sceneLighting":true,"audioPlay":false,"sceneViewState":{"showFog":true,"showMaterialUpdate":false,"showSkybox":true,"showFlares":true,"showImageEffects":true,"showParticleSystems":true},"in2DMode":false,"pivot":{"x":21.32842254638672,"y":4.025391578674316,"z":601.4713134765625},"rotation":{"x":0.06734105944633484,"y":0.6856523156166077,"z":-0.06395106762647629,"w":0.7219809293746948},"size":20.358356475830079,"orthographic":false}